task,model,accuracy,weighted_precision,weighted_recall,weighted_f1,macro_precision,macro_recall,macro_f1
disease,Logistic Regression,0.983871,0.985407,0.983871,0.98384,0.985407,0.983871,0.98384
disease,Decision Tree,0.582258,0.75878,0.582258,0.635812,0.75878,0.582258,0.635812
disease,KNN,0.982258,0.983427,0.982258,0.982304,0.983427,0.982258,0.982304
disease,SVM (RBF),0.979032,0.980557,0.979032,0.979069,0.980557,0.979032,0.979069
disease,Random Forest (production),0.974194,0.975494,0.974194,0.974154,0.975494,0.974194,0.974154
disease,Extra Trees,0.964516,0.966354,0.964516,0.964504,0.966354,0.964516,0.964504
disease,Hist Gradient Boosting,0.983871,0.984707,0.983871,0.983885,0.984707,0.983871,0.983885
disease,XGBoost,0.985484,0.986785,0.985484,0.985566,0.986785,0.985484,0.985566
risk,Logistic Regression,0.964516,0.964812,0.964516,0.964483,0.965548,0.964242,0.964716
risk,Decision Tree,0.925806,0.92668,0.925806,0.925902,0.926498,0.925455,0.925624
risk,KNN,0.995161,0.995177,0.995161,0.995165,0.995168,0.995152,0.995156
risk,SVM (RBF),0.987097,0.987122,0.987097,0.987098,0.987294,0.98697,0.987121
risk,Random Forest (production),0.966129,0.9664,0.966129,0.966121,0.966062,0.966818,0.9663
risk,Extra Trees,0.987097,0.987148,0.987097,0.987095,0.98717,0.986818,0.986966
risk,Hist Gradient Boosting,0.982258,0.982255,0.982258,0.982253,0.982267,0.982121,0.98219
risk,XGBoost,0.98871,0.988837,0.98871,0.988725,0.989209,0.988485,0.988799
